Presented,lon,lat
09 June 2025,-0.0364,51.51553
24 September 2025,-0.10992,51.545479
07 March 2025,-0.42319,51.891022
03 May 2025,-4.72901,55.230068
30 June 2025,-0.11385,51.46442
27 April 2025,-2.57742,51.471149
26 June 2025,0.050108,51.463959
20 January 2025,-4.2111,51.894951
02 March 2025,-3.96723,51.658058
20 December 2025,-1.3779,52.68779
03 May 2025,-0.08147,51.64888
15 July 2025,-4.66091,57.586689
27 May 2025,-6.8889,54.552731
12 February 2025,-5.22114,56.289429
19 August 2025,-3.74638,51.644501
18 January 2025,1.049148,52.253868
06 November 2025,-0.23506,52.349659
26 October 2025,-1.50923,55.028961
16 April 2025,-0.33603,51.594669
21 November 2025,-2.57742,51.471149
24 October 2025,-3.43533,52.348629
21 March 2025,-2.48654,51.356041
12 December 2025,-3.22212,51.502541
14 August 2025,-0.44182,51.536629
16 February 2025,-0.67541,51.480339
13 February 2025,-0.45463,52.196281
08 August 2025,-3.43533,52.348629
23 September 2025,-6.08891,54.149529
23 December 2025,-3.94994,52.297951
01 July 2025,-5.22114,56.289429
15 November 2025,-1.88141,52.484039
23 August 2025,-3.19753,51.650009
21 August 2025,-2.46091,53.86216
08 October 2025,-2.99204,53.482101
07 February 2025,-0.33603,51.594669
30 December 2025,-1.24736,51.044731
28 December 2025,-2.077,53.478668
12 January 2025,-2.83297,53.437881
01 July 2025,-2.73931,52.081539
03 March 2025,-3.34761,53.088329
17 February 2025,-4.29057,55.496738
31 May 2025,-3.81559,52.898258
08 January 2025,-6.65722,58.199379
31 October 2025,-1.10894,53.52697
29 May 2025,-1.42092,53.659222
07 February 2025,-3.60909,55.8992
06 July 2025,-2.75439,51.397072
26 September 2025,-1.00656,53.128502
,,
,,
,,
,,
,,
,,
,,
,,
,,
,,
,,
,,
,,
,,
,,
,,
,,
,,
,,
,,
,,
,,
,,
,,
,,
,,
,,
,,
,,
,,
,,
,,
,,
,,
,,
,,
,,
,,
,,
,,
,,
,,
,,
,,
,,
,,
,,
,,
,,
,,
,,
,,
,,
,,
,,
,,
,,
,,
,,
,,
,,
,,
,,
,,
,,
,,
,,
,,
,,
,,
,,
,,
,,
,,
,,
,,
,,
,,
,,
,,
,,
,,
,,
,,
,,
,,
,,
,,
,,
,,
,,
,,
,,
,,
,,
,,
,,
,,
,,
,,
,,
,,
,,
,,
,,
,,
,,
,,
,,
,,
,,
,,
,,
,,
,,
,,
,,
,,
,,
,,
,,
,,
,,
,,
,,
,,
,,
,,
,,
,,
,,
,,
,,
,,
,,
,,
,,
,,
,,
,,
,,
,,
,,
,,
,,
,,
,,
,,
,,
,,
,,
,,
,,
,,
,,
,,
,,
,,
,,
,,
,,
,,
,,
,,
,,
,,
,,
,,
,,
,,
,,
,,
,,
,,
,,
,,
,,
,,
,,
,,
,,
,,
,,
,,
,,
,,
,,
,,
,,
,,
,,
,,
,,
,,
,,
,,
,,
,,
,,
,,
,,
,,
,,
,,
,,
,,
,,
,,
,,
,,
,,
,,
,,
,,
,,
,,
,,
,,
,,
,,
,,
,,
,,
,,
,,
,,
,,
,,
,,
,,
,,
,,
,,
,,
,,
,,
,,
,,
,,
,,
,,
,,
,,
,,
,,
,,
,,
,,
,,
,,
,,
,,
,,
,,
,,
,,
,,
,,
,,
,,
,,
,,
,,
,,
,,
,,
,,
,,
,,
,,
,,
,,
,,
,,
,,
,,
,,
,,
,,
,,
,,
,,
,,
,,
,,
,,
,,
,,
,,
,,
,,
,,
,,
,,
,,
,,
,,
,,
,,
,,
,,
,,
,,
,,
,,
,,
,,
,,
,,
,,
,,
,,
,,
,,
,,
,,
,,
,,
,,
,,
,,
,,
,,
,,
,,
,,
,,
,,
,,
,,
,,
,,
,,
,,
,,
,,
,,
,,
,,
,,
,,
,,
,,
,,
,,
,,
,,
,,
,,
,,
,,
,,
,,
,,
,,
,,
,,
,,
,,
,,
,,
,,
,,
,,
,,
,,
,,
,,
,,
,,
,,
,,
,,
,,
,,
,,
,,
,,
,,
,,
,,
,,
,,
,,
,,
,,
,,
,,
,,
,,
,,
,,
,,
,,
,,
,,
,,
,,
,,
,,
,,
,,
,,
,,
,,
,,
,,
,,
,,
,,
,,
,,
,,
,,
,,
,,
,,
,,
,,
,,
,,
,,
,,
,,
,,
,,
,,
,,
,,
,,
,,
,,
