Distance_km,Days_Prior,Matches_EGS,Matches_CTRL,Pct_EGS,Pct_CTRL,Lift_Factor,P_Value,Significant
20.0,90.0,46.0,33.0,95.8%,68.8%,1.39x,0.0004317930380958161,YES
20.0,50.0,43.0,28.0,89.6%,58.3%,1.54x,0.00044575392487419965,YES
15.0,50.0,40.0,24.0,83.3%,50.0%,1.67x,0.0004991532586232442,YES
20.0,45.0,42.0,27.0,87.5%,56.2%,1.56x,0.0006150606331841061,YES
20.0,80.0,45.0,32.0,93.8%,66.7%,1.41x,0.0007862680076871414,YES
20.0,85.0,45.0,32.0,93.8%,66.7%,1.41x,0.0007862680076871414,YES
15.0,45.0,39.0,24.0,81.2%,50.0%,1.62x,0.0011819750744594694,YES
20.0,65.0,44.0,31.0,91.7%,64.6%,1.42x,0.001234900391076162,YES
20.0,60.0,43.0,30.0,89.6%,62.5%,1.43x,0.0017571113383291123,YES
20.0,55.0,43.0,30.0,89.6%,62.5%,1.43x,0.0017571113383291123,YES
40.0,35.0,46.0,35.0,95.8%,72.9%,1.31x,0.0018489263183434886,YES
15.0,55.0,40.0,26.0,83.3%,54.2%,1.54x,0.001902682487819511,YES
40.0,15.0,34.0,19.0,70.8%,39.6%,1.79x,0.001909470433232549,YES
25.0,50.0,44.0,32.0,91.7%,66.7%,1.38x,0.0024098899666188363,YES
20.0,75.0,44.0,32.0,91.7%,66.7%,1.38x,0.0024098899666188363,YES
20.0,70.0,44.0,32.0,91.7%,66.7%,1.38x,0.0024098899666188363,YES
25.0,45.0,43.0,31.0,89.6%,64.6%,1.39x,0.003340481710448634,YES
15.0,60.0,40.0,27.0,83.3%,56.2%,1.48x,0.00353734323059131,YES
30.0,15.0,28.0,14.0,58.3%,29.2%,2.00x,0.0035716958736771057,YES
25.0,90.0,46.0,36.0,95.8%,75.0%,1.28x,0.003691199582665463,YES
30.0,60.0,46.0,36.0,95.8%,75.0%,1.28x,0.003691199582665463,YES
40.0,45.0,47.0,38.0,97.9%,79.2%,1.24x,0.0038162515811970585,YES
40.0,50.0,47.0,38.0,97.9%,79.2%,1.24x,0.0038162515811970585,YES
40.0,60.0,47.0,38.0,97.9%,79.2%,1.24x,0.0038162515811970585,YES
40.0,55.0,47.0,38.0,97.9%,79.2%,1.24x,0.0038162515811970585,YES
25.0,60.0,44.0,33.0,91.7%,68.8%,1.33x,0.004574719245194429,YES
25.0,55.0,44.0,33.0,91.7%,68.8%,1.33x,0.004574719245194429,YES
40.0,20.0,36.0,23.0,75.0%,47.9%,1.57x,0.005686935034370071,YES
25.0,65.0,45.0,35.0,93.8%,72.9%,1.29x,0.005942866905725654,YES
25.0,70.0,45.0,35.0,93.8%,72.9%,1.29x,0.005942866905725654,YES
25.0,75.0,45.0,35.0,93.8%,72.9%,1.29x,0.005942866905725654,YES
25.0,80.0,45.0,35.0,93.8%,72.9%,1.29x,0.005942866905725654,YES
30.0,50.0,45.0,35.0,93.8%,72.9%,1.29x,0.005942866905725654,YES
25.0,85.0,45.0,35.0,93.8%,72.9%,1.29x,0.005942866905725654,YES
50.0,15.0,35.0,22.0,72.9%,45.8%,1.59x,0.006090074733231555,YES
15.0,15.0,16.0,5.0,33.3%,10.4%,3.20x,0.006169856608355393,YES
20.0,15.0,20.0,8.0,41.7%,16.7%,2.50x,0.006369815724532096,YES
15.0,65.0,40.0,28.0,83.3%,58.3%,1.43x,0.006369815724532096,YES
35.0,15.0,31.0,18.0,64.6%,37.5%,1.72x,0.0069319531898295,YES
45.0,35.0,46.0,37.0,95.8%,77.1%,1.24x,0.007190807482458556,YES
40.0,40.0,46.0,37.0,95.8%,77.1%,1.24x,0.007190807482458556,YES
50.0,35.0,46.0,37.0,95.8%,77.1%,1.24x,0.007190807482458556,YES
35.0,50.0,46.0,37.0,95.8%,77.1%,1.24x,0.007190807482458556,YES
30.0,10.0,21.0,9.0,43.8%,18.8%,2.33x,0.0073515516303921695,YES
20.0,40.0,39.0,27.0,81.2%,56.2%,1.44x,0.0073515516303921695,YES
45.0,45.0,47.0,39.0,97.9%,81.2%,1.21x,0.007716525010199762,YES
50.0,45.0,47.0,39.0,97.9%,81.2%,1.21x,0.007716525010199762,YES
45.0,60.0,47.0,39.0,97.9%,81.2%,1.21x,0.007716525010199762,YES
45.0,50.0,47.0,39.0,97.9%,81.2%,1.21x,0.007716525010199762,YES
45.0,55.0,47.0,39.0,97.9%,81.2%,1.21x,0.007716525010199762,YES
50.0,55.0,47.0,39.0,97.9%,81.2%,1.21x,0.007716525010199762,YES
50.0,50.0,47.0,39.0,97.9%,81.2%,1.21x,0.007716525010199762,YES
50.0,60.0,47.0,39.0,97.9%,81.2%,1.21x,0.007716525010199762,YES
25.0,15.0,23.0,11.0,47.9%,22.9%,2.09x,0.009130411194687892,YES
15.0,80.0,41.0,30.0,85.4%,62.5%,1.37x,0.009489598155597736,YES
30.0,55.0,45.0,36.0,93.8%,75.0%,1.25x,0.011060292639953359,YES
40.0,30.0,43.0,33.0,89.6%,68.8%,1.30x,0.01106920708092121,YES
10.0,85.0,34.0,22.0,70.8%,45.8%,1.55x,0.011112523481547528,YES
45.0,15.0,34.0,22.0,70.8%,45.8%,1.55x,0.011112523481547528,YES
40.0,10.0,26.0,14.0,54.2%,29.2%,1.86x,0.011112523481547532,YES
15.0,75.0,40.0,29.0,83.3%,60.4%,1.38x,0.011113858325221099,YES
15.0,70.0,40.0,29.0,83.3%,60.4%,1.38x,0.011113858325221099,YES
40.0,25.0,40.0,29.0,83.3%,60.4%,1.38x,0.011113858325221099,YES
10.0,80.0,33.0,21.0,68.8%,43.8%,1.57x,0.011550377987810974,YES
20.0,30.0,32.0,20.0,66.7%,41.7%,1.60x,0.011866618991417567,YES
35.0,60.0,46.0,38.0,95.8%,79.2%,1.21x,0.013658706293209762,YES
35.0,55.0,46.0,38.0,95.8%,79.2%,1.21x,0.013658706293209762,YES
30.0,70.0,46.0,38.0,95.8%,79.2%,1.21x,0.013658706293209762,YES
30.0,65.0,46.0,38.0,95.8%,79.2%,1.21x,0.013658706293209762,YES
15.0,90.0,42.0,32.0,87.5%,66.7%,1.31x,0.013714856336106748,YES
30.0,45.0,44.0,35.0,91.7%,72.9%,1.26x,0.015154233227335527,YES
35.0,35.0,44.0,35.0,91.7%,72.9%,1.26x,0.015154233227335527,YES
40.0,65.0,47.0,40.0,97.9%,83.3%,1.17x,0.015263554095319997,YES
40.0,70.0,47.0,40.0,97.9%,83.3%,1.17x,0.015263554095319997,YES
20.0,35.0,37.0,26.0,77.1%,54.2%,1.42x,0.015439294589119853,YES
15.0,85.0,41.0,31.0,85.4%,64.6%,1.32x,0.01630748975792061,YES
25.0,40.0,41.0,31.0,85.4%,64.6%,1.32x,0.01630748975792061,YES
50.0,25.0,41.0,31.0,85.4%,64.6%,1.32x,0.01630748975792061,YES
10.0,90.0,34.0,23.0,70.8%,47.9%,1.48x,0.01853701293557983,YES
20.0,10.0,14.0,5.0,29.2%,10.4%,2.80x,0.01928282404963449,YES
10.0,75.0,32.0,21.0,66.7%,43.8%,1.52x,0.019778393918011523,YES
20.0,25.0,27.0,16.0,56.2%,33.3%,1.69x,0.01977839391801153,YES
35.0,45.0,45.0,37.0,93.8%,77.1%,1.22x,0.020022703115033236,YES
15.0,10.0,11.0,3.0,22.9%,6.2%,3.67x,0.02002270311503324,YES
30.0,20.0,30.0,19.0,62.5%,39.6%,1.58x,0.02031591868511643,YES
30.0,35.0,42.0,33.0,87.5%,68.8%,1.27x,0.023317583262335746,YES
50.0,20.0,37.0,27.0,77.1%,56.2%,1.37x,0.025253113202680668,YES
45.0,40.0,46.0,39.0,95.8%,81.2%,1.18x,0.025267755440711918,YES
50.0,40.0,46.0,39.0,95.8%,81.2%,1.18x,0.025267755440711918,YES
30.0,75.0,46.0,39.0,95.8%,81.2%,1.18x,0.025267755440711918,YES
30.0,80.0,46.0,39.0,95.8%,81.2%,1.18x,0.025267755440711918,YES
30.0,85.0,46.0,39.0,95.8%,81.2%,1.18x,0.025267755440711918,YES
30.0,25.0,35.0,25.0,72.9%,52.1%,1.40x,0.028536927971443558,YES
35.0,10.0,23.0,13.0,47.9%,27.1%,1.77x,0.028536927971443558,YES
20.0,20.0,23.0,13.0,47.9%,27.1%,1.77x,0.028536927971443558,YES
35.0,80.0,47.0,41.0,97.9%,85.4%,1.15x,0.029498600824977666,YES
40.0,75.0,47.0,41.0,97.9%,85.4%,1.15x,0.029498600824977666,YES
40.0,80.0,47.0,41.0,97.9%,85.4%,1.15x,0.029498600824977666,YES
40.0,85.0,47.0,41.0,97.9%,85.4%,1.15x,0.029498600824977666,YES
40.0,90.0,47.0,41.0,97.9%,85.4%,1.15x,0.029498600824977666,YES
35.0,90.0,47.0,41.0,97.9%,85.4%,1.15x,0.029498600824977666,YES
35.0,75.0,47.0,41.0,97.9%,85.4%,1.15x,0.029498600824977666,YES
35.0,85.0,47.0,41.0,97.9%,85.4%,1.15x,0.029498600824977666,YES
45.0,65.0,47.0,41.0,97.9%,85.4%,1.15x,0.029498600824977666,YES
45.0,70.0,47.0,41.0,97.9%,85.4%,1.15x,0.029498600824977666,YES
50.0,70.0,47.0,41.0,97.9%,85.4%,1.15x,0.029498600824977666,YES
50.0,65.0,47.0,41.0,97.9%,85.4%,1.15x,0.029498600824977666,YES
15.0,40.0,34.0,24.0,70.8%,50.0%,1.42x,0.02984032220053289,YES
45.0,25.0,40.0,31.0,83.3%,64.6%,1.29x,0.03079550941285671,YES
15.0,35.0,33.0,23.0,68.8%,47.9%,1.43x,0.03091116202563369,YES
35.0,20.0,32.0,22.0,66.7%,45.8%,1.45x,0.03174641708921233,YES
50.0,10.0,27.0,17.0,56.2%,35.4%,1.59x,0.03234415409554312,YES
45.0,30.0,43.0,35.0,89.6%,72.9%,1.23x,0.03259752945154866,YES
50.0,30.0,43.0,35.0,89.6%,72.9%,1.23x,0.03259752945154866,YES
10.0,55.0,28.0,18.0,58.3%,37.5%,1.56x,0.03270320589883943,YES
15.0,30.0,28.0,18.0,58.3%,37.5%,1.56x,0.03270320589883943,YES
25.0,35.0,39.0,30.0,81.2%,62.5%,1.30x,0.034148820730788815,YES
35.0,25.0,38.0,29.0,79.2%,60.4%,1.31x,0.03721229399188733,YES
15.0,20.0,19.0,10.0,39.6%,20.8%,1.90x,0.03721229399188733,YES
40.0,5.0,14.0,6.0,29.2%,12.5%,2.33x,0.038447930309965475,YES
45.0,20.0,36.0,27.0,75.0%,56.2%,1.33x,0.042427295776412105,YES
35.0,30.0,41.0,33.0,85.4%,68.8%,1.24x,0.04389485524711217,YES
15.0,25.0,22.0,13.0,45.8%,27.1%,1.69x,0.044570263612623916,YES
30.0,5.0,11.0,4.0,22.9%,8.3%,2.75x,0.04466933192150288,YES
35.0,40.0,44.0,37.0,91.7%,77.1%,1.19x,0.04466933192150289,YES
35.0,65.0,46.0,40.0,95.8%,83.3%,1.15x,0.04545167043580091,YES
30.0,90.0,46.0,40.0,95.8%,83.3%,1.15x,0.04545167043580091,YES
35.0,70.0,46.0,40.0,95.8%,83.3%,1.15x,0.04545167043580091,YES
45.0,10.0,26.0,17.0,54.2%,35.4%,1.53x,0.050050452527519454,NO
10.0,50.0,27.0,18.0,56.2%,37.5%,1.50x,0.050655796063655376,NO
10.0,60.0,28.0,19.0,58.3%,39.6%,1.47x,0.05095815547695755,NO
25.0,25.0,29.0,20.0,60.4%,41.7%,1.45x,0.05095815547695755,NO
35.0,5.0,12.0,5.0,25.0%,10.4%,2.40x,0.053432577719358776,NO
25.0,10.0,17.0,9.0,35.4%,18.8%,1.89x,0.0534684666193295,NO
45.0,75.0,47.0,42.0,97.9%,87.5%,1.12x,0.055596186496016727,NO
45.0,80.0,47.0,42.0,97.9%,87.5%,1.12x,0.055596186496016727,NO
50.0,90.0,47.0,42.0,97.9%,87.5%,1.12x,0.055596186496016727,NO
50.0,80.0,47.0,42.0,97.9%,87.5%,1.12x,0.055596186496016727,NO
45.0,90.0,47.0,42.0,97.9%,87.5%,1.12x,0.055596186496016727,NO
50.0,75.0,47.0,42.0,97.9%,87.5%,1.12x,0.055596186496016727,NO
50.0,85.0,47.0,42.0,97.9%,87.5%,1.12x,0.055596186496016727,NO
45.0,85.0,47.0,42.0,97.9%,87.5%,1.12x,0.055596186496016727,NO
30.0,30.0,38.0,30.0,79.2%,62.5%,1.27x,0.05758439117819251,NO
30.0,40.0,42.0,35.0,87.5%,72.9%,1.20x,0.061446057822362656,NO
25.0,30.0,33.0,25.0,68.8%,52.1%,1.32x,0.07179820619203858,NO
25.0,20.0,25.0,17.0,52.1%,35.4%,1.47x,0.07472110898784642,NO
10.0,70.0,29.0,21.0,60.4%,43.8%,1.38x,0.07616737156102542,NO
10.0,65.0,29.0,21.0,60.4%,43.8%,1.38x,0.07616737156102542,NO
10.0,40.0,23.0,16.0,47.9%,33.3%,1.44x,0.10611505312043597,NO
10.0,45.0,25.0,18.0,52.1%,37.5%,1.39x,0.1089859096271894,NO
25.0,5.0,9.0,4.0,18.8%,8.3%,2.25x,0.11606710413010383,NO
10.0,35.0,21.0,15.0,43.8%,31.2%,1.40x,0.14591112476052884,NO
45.0,5.0,14.0,9.0,29.2%,18.8%,1.56x,0.16950990437110197,NO
10.0,30.0,16.0,11.0,33.3%,22.9%,1.45x,0.1820429054218731,NO
10.0,20.0,10.0,6.0,20.8%,12.5%,1.67x,0.2060334851729573,NO
10.0,25.0,11.0,7.0,22.9%,14.6%,1.57x,0.21673430738597857,NO
50.0,5.0,15.0,11.0,31.2%,22.9%,1.36x,0.24564871479210718,NO
10.0,15.0,7.0,4.0,14.6%,8.3%,1.75x,0.2617313449360227,NO
5.0,80.0,12.0,9.0,25.0%,18.8%,1.33x,0.31110238794049305,NO
10.0,10.0,5.0,3.0,10.4%,6.2%,1.67x,0.35723572320546826,NO
20.0,5.0,5.0,3.0,10.4%,6.2%,1.67x,0.35723572320546826,NO
5.0,55.0,8.0,6.0,16.7%,12.5%,1.33x,0.38672529141253303,NO
5.0,60.0,8.0,6.0,16.7%,12.5%,1.33x,0.38672529141253303,NO
5.0,75.0,11.0,9.0,22.9%,18.8%,1.22x,0.4010536317783535,NO
5.0,85.0,12.0,10.0,25.0%,20.8%,1.20x,0.4042918765565165,NO
5.0,90.0,12.0,10.0,25.0%,20.8%,1.20x,0.4042918765565165,NO
5.0,50.0,7.0,6.0,14.6%,12.5%,1.17x,0.49999999999999994,NO
5.0,45.0,7.0,6.0,14.6%,12.5%,1.17x,0.49999999999999994,NO
5.0,65.0,9.0,8.0,18.8%,16.7%,1.13x,0.5,NO
5.0,15.0,2.0,1.0,4.2%,2.1%,2.00x,0.5,NO
5.0,20.0,3.0,2.0,6.2%,4.2%,1.50x,0.5,NO
5.0,25.0,3.0,2.0,6.2%,4.2%,1.50x,0.5,NO
5.0,10.0,1.0,0.0,2.1%,0.0%,0.00x,0.5000000000000001,NO
5.0,35.0,6.0,5.0,12.5%,10.4%,1.20x,0.5000000000000001,NO
5.0,40.0,6.0,5.0,12.5%,10.4%,1.20x,0.5000000000000001,NO
5.0,70.0,9.0,9.0,18.8%,18.8%,1.00x,0.602818763199282,NO
5.0,30.0,4.0,4.0,8.3%,8.3%,1.00x,0.6427642767945319,NO
15.0,5.0,2.0,2.0,4.2%,4.2%,1.00x,0.6915110356536502,NO
10.0,5.0,1.0,2.0,2.1%,4.2%,0.50x,0.8789473684210526,NO
5.0,5.0,0.0,0.0,0.0%,0.0%,0.00x,1.0,NO
