,Type,age,breed,sex,presented,County,lon,lat,Diagnosis method
"On 22 December 2025, EGSF reported a case of chronic EGS in a five-year-old Irish Draught mare on a premises in Clackmannshire that presented on 3 December 2025. Positive diagnosis was confirmed on post-mortem examination with ganglia histopathology. There are no further details currently available on this case.",chronic,5,Irish Draught,mare,03 December 2025,Clackmannanshire,-3.75344,56.14724,post-mortem examination with ganglia histopathology
"On 21 November 2025, EGSF reported a case of chronic EGS affecting a Welsh Pony gelding on a premises in South Yorkshire that presented on 21 November 2025. Positive diagnosis was confirmed on clinical signs by a veterinary surgeon. There are no further details currently available on this case.",chronic,,Welsh Pony ,gelding,21 November 2025,South Yorkshire,-1.298643,53.465418,clinical signs by a veterinary surgeon
"On 22 December 2025, EGSF reported a case of acute EGS affecting a six-year-old Cob gelding on a premises in Hertfordshire that presented on 7 November 2025. Positive diagnosis was confirmed on clinical signs by a veterinary surgeon. There are no further details currently available on this case.",acute,6,Cob,gelding,07 November 2025,Hertfordshire,-0.27699,51.808788,clinical signs by a veterinary surgeon
"On 31 October 2025, EGSF reported a case of EGS affecting a seven-year-old Cob gelding on a premises in Gloucestershire that presented on 29 October 2025. Positive diagnosis was confirmed on clinical signs by a veterinary surgeon. There are no further details currently available on this case.",,7,Cob,gelding,29 October 2025,Gloucestershire,-2.15235,51.81971,clinical signs by a veterinary surgeon
"On 11 November 2025, EGSF reported a case EGS affecting a seven-year-old Cob gelding on a premises in Gloucestershire that presented on 10 October 2025. Positive diagnosis was confirmed on clinical signs by a veterinary surgeon. There are no further details currently available on this case.",,7,Cob,gelding,10 October 2025,Gloucestershire,-2.15235,51.81971,clinical signs by a veterinary surgeon
"On 9 October 2025, EGSF reported an acute case of EGS affecting a four-year-old Haflinger mare on a premises in Aberdeenshire that presented on 7 October 2025. Positive diagnosis was confirmed on clinical signs by a veterinary surgeon. There are no further details currently available on this case.",acute,4,Haflinger,mare,07 October 2025,Aberdeenshire,-2.79205,57.23468,clinical signs by a veterinary surgeon
"On 9 October 2025, EGSF reported an acute case of EGS affecting a 10-year-old Welsh Section A mare on a premises in Staffordshire that presented on 5 October 2025 and died within 48 hours. There are no further details currently available on this case.",acute,10,Welsh Section A,mare,05 October 2025,Staffordshire,-2.02756,52.909302,
"On 9 October 2025, EGSF reported an acute case of EGS affecting a five-year-old Cob gelding on a premises in Merseyside that presented on 4 October 2025 and died within 48 hours. Positive diagnosis was confirmed on clinical signs by a veterinary surgeon. There are no further details currently available on this case.",acute,5,Cob,gelding,04 October 2025,Merseyside,-2.9125,53.435587,clinical signs by a veterinary surgeon
"On 24 November 2025, EGSF reported a case of acute EGS affecting a six-year-old Cob mare on a premises in Fife that presented on 23 September 2025. Positive diagnosis was confirmed on clinical signs by a veterinary surgeon. There are no further details currently available on this case.",acute,6,Cob,mare,23 September 2025,Fife,-2.98235,56.231171,clinical signs by a veterinary surgeon
"On 23 September 2025, EGSF reported an acute case of EGS on a premises in Clackmannanshire, affecting an 11-year-old Warmblood mare that presented on 18 September 2025 and died within 48 hours. Positive diagnosis was based on clinical signs by a veterinary surgeon. There are no further details currently available on this case.",acute,11,Warmblood,mare,18 September 2025,Clackmannanshire,-3.75344,56.14724,clinical signs by a veterinary surgeon
"On 11 November 2025, EGSF reported a case of EGS affecting an 11-year-old Irish Sports Horse gelding on a premises in Clackmannanshire that presented on 11 September 2025. Positive diagnosis was confimed on clinical signs by a veterinary surgeon. There are no further details currently available on this case.",,11,Irish Sports Horse,gelding,11 September 2025,Clackmannanshire,-3.75344,56.14724,clinical signs by a veterinary surgeon
"On 23 September 2025, EGSF reported an acute case of EGS on a premises in Clackmannanshire, affecting a 17-year-old Irish Sports Horse gelding that presented on 30 August 2025 and died within 48 hours. Positive diagnosis was based on clinical signs by a veterinary surgeon and by post-mortem with ganglia histopathology . There are no further details currently available on this case.",acute,17,Irish Sports Horse,gelding,30 August 2025,Clackmannanshire,-3.75344,56.14724,post-mortem with ganglia histopathology 
"On 11 November 2025, EGSF reported a case of acute EGS affecting a 17-year-old Irish Sports Horse gelding on a premises in Clackmannanshire that presented on 9 August 2025. There are no further details currently available on this case.",acute,17,Irish Sports Horse,gelding,09 August 2025,Clackmannanshire,-3.75344,56.14724,
"On 31 July 2025, EGSF reported a case of fatal EGS in a 13-year-old Miniature Shetland pony mare that presented with acute EGS on 28 July 2025, on a premises in Aberdeenshire. Positive diagnosis was confirmed on clinical signs by a veterinary surgeon. There are no further details currently available on this case.",acute,13,Miniature Shetland pony,mare,28 July 2025,Aberdeenshire,-2.79205,57.23468,clinical signs by a veterinary surgeon
"On 4 August 2025, EGSF reported a case of EGS in a five-year-old stallion cross breed that presented with EGS on 12 July 2025, on a premises in East Yorkshire. Positive diagnosis was confirmed on clinical signs by a veterinary surgeon. There are no further details currently avaialble on this case.",,5,cross breed,stallion,12 July 2025,East Yorkshire,-0.515949,53.896729,clinical signs by a veterinary surgeon
"On 15 July 2025, EGSF reported a case of fatal EGS in an eight-year-old Warmblood gelding, that presented with acute EGS on 7 July 2025, on a premises in the Vale of Glamorgan. Positive diagnosis was confirmed by post-mortem examiantion, without ganglia histopathology. There are no further details currently available on this case.",acute,8,Warmblood,gelding,07 July 2025,Vale of Glamorgan,-3.39803,51.44838,"post-mortem examiantion, without ganglia histopathology"
"On 15 July 2025, EGSF reported a case of fatal EGS in a 16-year-old Welsh A Pony gelding that presented with acute EGS on 3 July 2025, on a premises in the Highlands. Positive diagnosis was confirmed on clinial signs by a veterinary surgeon. There are no further details currently available on this case.",acute,16,Welsh A Pony,gelding,03 July 2025,Highland,-4.66091,57.586689,clinical signs by a veterinary surgeon
"On 11 November 2025, EGSF reported a case of sub-acute EGS affecting a two-year-old Highland Pony filly on a premises in Cumbria that presented on 24 June 2025. Positive diagnosis was confirmed by post-mortem with ganglia histopathology. There are no further details currently available on this case.",sub-acute,2,Highland Pony,filly,24 June 2025,Cumbria,-2.90218,54.63826,post-mortem with ganglia histopatholog
"On 18 July 2025, EGSF reported a case of fatal EGS in a gelding that presesented with acute EGS on 10 June 2025, on a premises in Leicestershire. There are no further details currently avaialable on this case.",acute,,,gelding,10 June 2025,Leicestershire,-1.3779,52.68779,
"On 23 June 2025, EGSF reported a fatal case of EGS in a five-year-old Cob mare that presented with acute EGS on 8 June 2025 on a premises in Lincolnshire. There are no further details currently available on this case.",acute,5,Cob,mare,08 June 2025,Lincolnshire,-0.23882,53.11105,
"On 23 June 2025, EGSF reported a fatal case of EGS in a Shire Horse mare that presented with acute EGS on 6 June 2025 on a premises in Aberdeenshire. There are no further details currently available on this case.",acute,,Shire Horse ,mare,06 June 2025,Aberdeenshire,-2.79205,57.23468,
"On 23 June 2025, EGSF reported a fatal case of EGS in a six-year-old Welsh Pony gelding that presented with acute EGS on 1 June 2025 on a premises in Edinburgh. There are no further details currently available on this case.",acute,6,Welsh Pony,gelding,01 June 2025,City of Edinburgh,-3.27826,55.91119,
"On 23 June 2025, EGSF reported a fatal case of EGS in a four-year-old Irish Draught horse that presented with sub-acute EGS on 1 June 2025 on a premises in East Yorkshire. There are no further details currently available on this case.",sub-acute,4,Irish Draught horse,,01 June 2025,East Yorkshire,-0.515949,53.896729,
"On 23 June 2025, EGSF reported a case of EGS in a gelding that presented with chronic EGS on 1 June 2025 on a premises in North Yorkshire. There are no further details currently available on this case.",chronic,,,gelding,01 June 2025,North Yorkshire,-1.55032,54.093712,
"On 1 June 2025, EGSF reported a fatal case of acute EGS in an undefined gelding on a premises in Suffolk, that presented on 30 May 2025. The positive diagnosis was confirmed on clinical signs by a veterinary surgeon and post mortem examination with ganglian histopathology. There are no further details available on this case.",acute,,,gelding,30 May 2025,Suffolk,1.049148,52.253868,clinical signs by a veterinary surgeon and post mortem with ganglia histopathology
"On 1 June 2025, EGSF reported a case of EGS in an undefined animal on a premises in Leicestershire that presented on 29 May 2025. The positive diagnosis was confirmed on clinical signs by a veterinary surgeon. There are no further details available on this case.",,,,,29 May 2025,Leicestershire,-1.3779,52.68779,clinical signs by a veterinary surgeon
"On 30 May 2025, EGSF reported a case of fatal sub-acute EGS in an 18-month-old Cob filly on a premises in Northamptonshire. The case occurred on 29 May 2025 with the positive diagnosis confirmed on clinical signs by a veterinary surgeon. There are no further details currently available on this case.",sub-acute,1,,filly,29 May 2025,Northamptonshire,-0.86668,52.31105,clinical signs by a veterinary surgeon
"On 16 June 2025, EGSF reported a fatal case of EGS in a two-year-old Highland Pony filly on a premises in Cumbria. The case presented with acute EGS on 26 May 2025. Positive diagnosis was confirmed on clinical signs by a veterinary surgeon and post mortem with ganglia histopathology. There are no further details currently available on this case.",acute,2,Highland Pony,filly,26 May 2025,Cumbria,-2.90218,54.63826,clinical signs by a veterinary surgeon and post mortem with ganglia histopathology
"On 1 June 2025, EGSF reported a fatal case of acute EGS in a seven-year-old gelding on a premises in Kent, that presented on 26 May 2025. The positive diagnosis was confirmed on clinical signs by a veterinary surgeon. There are no further details available on this case.",acute,7,,gelding,26 May 2025,Kent,0.721553,51.192902,clinical signs by a veterinary surgeon
"On 22 July 2025, EGSF reported a case of EGS in a two-year-old Pony gelding that presented with chronic EGS on 25 May 2025 on a premises in Somerset. Positive diagnosis was confirmed by a veterinary surgeon and the animal has survived. There are no further details currently available on this case",chronic,2,pony,gelding,25 May 2025,Somerset,-3.29605,51.071861,confirmed by a veterinary surgeon
"On 16 June 2025, EGSF reported a fatal case of EGS in a five-year-old Friesian mare on a premises in Aberdeenshire. The case presented with acute EGS on 22 May 2025. Positive diagnosis was confirmed on clinical signs by a veterinary surgeon. There are no further details currently available on this case.",acute,5,Friesian,mare,22 May 2025,Aberdeenshire,-2.79205,57.23468,clinical signs by a veterinary surgeon
"On 1 June 2025, EGSF reported a fatal case of EGS on premises in Clackmannanshire. The affected animal was a 15-year-old Section D Wesh Cob that presented with sub-acute EGS on 21 May 2025. Positive diagnosis was confirmed by surgery with gut biopsy and histopathology.",sub-acute,15,Section D Welsh Cob,,21 May 2025,Clackmannanshire,-3.75344,56.14724,surgery with gut biopsy and histopathology
"On 3 June 2025, EGSF reported a fatal case of EGS on premises in Perth and Kinross. The affected animal was a six-year-old Warmblood mare that presented with acute EGS on 15 May 2025. There are no further details currently available on this case.",acute,6,Warmblood,mare,15 May 2025,Perth and Kinross,-3.8848,56.575291,
"On 11 November 2025, EGSF reported a case EGS affecting a six-year-old mare on a premises in Tyne and Wear that presented on 12 May 2025. There are no further details currently available on this case.",,6,,mare,12 May 2025,Tyne and Wear,-1.541234,54.958123,
"On 9 June 2025, EGSF reported a case of fatal EGS in a two-year-old mare on a premises in Staffordshire. The case presented with acute EGS on 12 May 2025. Positive diagnosis was confirmed on clinical signs by a veterinary surgeon. There are no further details currently available on this case.",acute,2,,mare,12 May 2025,Staffordshire,-2.02756,52.909302,clinical signs by a veterinary surgeon
"On 27 May 2025, EGSF reported a case of fatal sub-acute EGS in a seven-year-old Welsh Cob gelding on a premises in Bedfordshire that occurred on 12 May. Positive diagnosis was confirmed on clinical signs by a veterinary surgeon. There are no further details currently available on this case.",sub-acute,7,Welsh Cob,gelding,12 May 2025,Bedfordshire,-0.442369,52.065242,clinical signs by a veterinary surgeon
"On 16 May 2025, EGSF reported a fatal case of acute EGS in a 22-year-old Shetland Pony mare on a premises in the Highlands. The case presented on 12 May 2025 and positive diagnosis was confirmed on clinical signs by a veterinary surgeon.",acute,22,Shetland Pony,mare,12 May 2025,Highland,-4.66091,57.586689,
"On 1 June 2025, EGSF reported a fatal case of acute EGS in a five-year-old Cob gelding on a premises in Aberdeenshire, that presented on 11 May 2025. The positive diagnosis was confirmed on clinical signs by a veterinary surgeon and post mortem examination with ganglian histopathology.",acute,5,Cob,gelding,11 May 2025,Aberdeenshire,-2.79205,57.23468,clinical signs by a veterinary surgeon and post mortem with ganglia histopathology
"On 15 May 2025, EGSF reported a fatal sub-acute case of EGS in a three-year-old Sports Horse gelding on a premises in Kent. The case presented on 7 May 2025 and positive diagnosis was confirmed on clinical signs by a veterinary surgeon. There are no further details currently available on this case.",sub-acute,3,Sports Horse,gelding,07 May 2025,Kent,0.721553,51.192902,clinical signs by a veterinary surgeon
"On 15 May 2025, EGSF reported a case of fatal sub-acute EGS in a 10-year-old Cob mare on a premises in Aberdeenshire. The case presented on 4 May 2025 and positive diagnosis was confirmed on clinical signs by a veterinary surgeon. There are no further deails currently available on this case.",sub-acute,10,Cob,mare,04 May 2025,Aberdeenshire,-2.79205,57.23468,clinical signs by a veterinary surgeon
"On 16 May 2025, EGSF reported a fatal case of acute EGS in a Thoroughbred on a premises in Suffolk. The case presented on 29 April 2025, but there are no further details currently available on this case.",acute,,Thoroughbred,,29 April 2025,Suffolk,1.049148,52.253868,
"On 12 May 2025, the EGSF reported a fatal case of acute EGS in a Warmblood stallion on a premises in Somerset. The case presented on 29 April 2025 and positive diagnosis was confirmed on clinical signs by a veterinary surgeon. There are no further details currently available on this case.",acute,,Warmblood,stallion,29 April 2025,Somerset,-3.29605,51.071861,clinical signs by a veterinary surgeon
"On 12 May 2025, the EGSF reported a fatal case of acute EGS in a 12-year-old Thoroughbred mare on a premises in West Lothian. The case presented on 28 April 2025 and positive diagnosis was confirmed by surgery with gut biopsy and histopathology. There are no further details currently available on this case.",acute,12,Thoroughbred,mare,28 April 2025,West Lothian,-3.60909,55.8992,surgery with gut biopsy and histopathology
"On 9 June 2025, EGSF reported a fatal case of EGS in a two-year-old Cob mare on a premises in Worcestershire. The case presented with acute EGS on 22 April 2025. Positive diagnosis was confirmed by post mortem with ganglia histopathology. There are no further details currently available on this case.",acute,2,Cob,mare,22 April 2025,Worcestershire,-2.20935,52.212872,post mortem with ganglia histopathology
"On 27 May 2025, EGSF reported a case of fatal sub-acute EGS in a 14-year-old Sports Horse gelding on a premises in Hertfordshire that occurred on 22 April. Positive diagnosis was confirmed on clinical signs by a veterinary surgeon. There are no further details currently available on this case.",sub-acute,14,Sports Horse,gelding,22 April 2025,Hertfordshire,-0.27699,51.808788,clinical signs by a veterinary surgeon
"On 12 May 2025, EGSF reported a case of EGS in a two-year-old Shetland Pony filly on a premises in Shetland. The case presented on 17 April 2025 and was confirmed on clinical signs by their keeper. There are no further details currently available on this case",,2,Shetland Pony,filly,17 April 2025,Shetland Islands,-1.37344,60.504951,clinical signs by their keeper
"On 22 April 2025, EGSF reported a fatal case of sub-acute EGS in a two-year-old Cob gelding on a premises in Angus. The case presented on 13 April 2025 and positive diagnosis was confirmed on clinical signs by a veterinary surgeon. There are no further details currently available on this case.",sub-acute,2,Cob,gelding,13 April 2025,Angus,-2.89189,56.7248,clinical signs by a veterinary surgeon
"On 22 April 2025, EGSF reported a case of fatal acute EGS in a four-year-old Highland Pony mare on a premises in Angus. The case presented on 9 April 2025 and was confirmed on clinical signs by a veterinary surgeon. There are no further details currently available on this case.",acute,4,Highland Pony,mare,09 April 2025,Angus,-2.89189,56.7248,clinical signs by a veterinary surgeon
,,,,,,,,,
,,,,,,,,,
,,,,,,,,,
,,,,,,,,,
,,,,,,,,,
,,,,,,,,,
,,,,,,,,,
,,,,,,,,,
,,,,,,,,,
,,,,,,,,,
,,,,,,,,,
,,,,,,,,,
,,,,,,,,,
,,,,,,,,,
,,,,,,,,,
,,,,,,,,,
,,,,,,,,,
,,,,,,,,,
,,,,,,,,,
